"GameId","Date","HomeTeamId","AwayTeamId","HomePoints","AwayPoints","HomePossessions","AwayPossessions","HomeTeamAbbreviation","AwayTeamAbbreviation"
"0022100539","2022-01-01","1610612749","1610612740",136,113,108,107,"MIL","NOP"
"0022100540","2022-01-01","1610612765","1610612759",117,116,110,110,"DET","SAS"
"0022100541","2022-01-01","1610612764","1610612741",119,120,103,102,"WAS","CHI"
"0022100542","2022-01-01","1610612751","1610612746",116,120,104,102,"BKN","LAC"
"0022100543","2022-01-01","1610612745","1610612743",111,124,100,101,"HOU","DEN"
"0022100544","2022-01-01","1610612762","1610612744",116,123,99,99,"UTA","GSW"
"0022100545","2022-01-02","1610612761","1610612752",120,105,99,99,"TOR","NYK"
"0022100546","2022-01-02","1610612738","1610612753",116,111,108,108,"BOS","ORL"
"0022100547","2022-01-02","1610612739","1610612754",108,104,94,94,"CLE","IND"
"0022100548","2022-01-02","1610612758","1610612748",115,113,97,97,"SAC","MIA"
"0022100549","2022-01-02","1610612766","1610612756",99,133,105,105,"CHA","PHX"
"0022100550","2022-01-02","1610612760","1610612742",86,95,92,94,"OKC","DAL"
"0022100551","2022-01-02","1610612747","1610612750",108,103,100,99,"LAL","MIN"
"0022100553","2022-01-03","1610612764","1610612766",124,121,104,104,"WAS","CHA"
"0022100555","2022-01-03","1610612741","1610612753",102,98,97,97,"CHI","ORL"
"0022100556","2022-01-03","1610612749","1610612765",106,115,99,97,"MIL","DET"
"0022100558","2022-01-03","1610612742","1610612743",103,89,93,94,"DAL","DEN"
"0022100559","2022-01-03","1610612744","1610612748",115,108,102,101,"GSW","MIA"
"0022100560","2022-01-03","1610612757","1610612737",136,131,98,98,"POR","ATL"
"0022100561","2022-01-03","1610612746","1610612750",104,122,99,98,"LAC","MIN"
"0022100552","2022-01-03","1610612755","1610612745",133,113,103,102,"PHI","HOU"
"0022100554","2022-01-03","1610612751","1610612763",104,118,98,98,"BKN","MEM"
"0022100557","2022-01-03","1610612740","1610612762",104,115,97,97,"NOP","UTA"
"0022100562","2022-01-04","1610612739","1610612763",106,110,97,96,"CLE","MEM"
"0022100564","2022-01-04","1610612752","1610612754",104,94,90,89,"NYK","IND"
"0022100565","2022-01-04","1610612740","1610612756",110,123,98,98,"NOP","PHX"
"0022100566","2022-01-04","1610612747","1610612758",122,114,97,98,"LAL","SAC"
"0022100563","2022-01-04","1610612761","1610612759",129,104,105,105,"TOR","SAS"
"0022100567","2022-01-05","1610612766","1610612765",140,111,103,102,"CHA","DET"
"0022100568","2022-01-05","1610612753","1610612755",106,116,100,101,"ORL","PHI"
"0022100569","2022-01-05","1610612764","1610612745",111,114,106,107,"WAS","HOU"
"0022100570","2022-01-05","1610612738","1610612759",97,99,92,92,"BOS","SAS"
"0022100571","2022-01-05","1610612754","1610612751",121,129,100,100,"IND","BKN"
"0022100572","2022-01-05","1610612742","1610612744",99,82,94,95,"DAL","GSW"
"0022100573","2022-01-05","1610612749","1610612761",111,117,101,101,"MIL","TOR"
"0022100574","2022-01-05","1610612750","1610612760",98,90,97,96,"MIN","OKC"
"0022100575","2022-01-05","1610612743","1610612762",109,115,99,99,"DEN","UTA"
"0022100576","2022-01-05","1610612757","1610612748",109,115,90,90,"POR","MIA"
"0022100577","2022-01-05","1610612758","1610612737",102,108,99,98,"SAC","ATL"
"0022100578","2022-01-06","1610612752","1610612738",108,105,89,89,"NYK","BOS"
"0022100579","2022-01-06","1610612763","1610612765",118,88,103,103,"MEM","DET"
"0022100580","2022-01-06","1610612740","1610612744",101,96,100,99,"NOP","GSW"
"0022100581","2022-01-06","1610612756","1610612746",106,89,98,96,"PHX","LAC"
"0022100582","2022-01-07","1610612755","1610612759",119,100,97,97,"PHI","SAS"
"0022100583","2022-01-07","1610612751","1610612749",109,121,95,97,"BKN","MIL"
"0022100584","2022-01-07","1610612761","1610612762",122,108,96,97,"TOR","UTA"
"0022100585","2022-01-07","1610612741","1610612764",130,122,105,103,"CHI","WAS"
"0022100586","2022-01-07","1610612745","1610612742",106,130,102,103,"HOU","DAL"
"0022100587","2022-01-07","1610612760","1610612750",105,135,103,102,"OKC","MIN"
"0022100588","2022-01-07","1610612743","1610612758",121,111,99,99,"DEN","SAC"
"0022100590","2022-01-07","1610612757","1610612739",101,114,93,91,"POR","CLE"
"0022100589","2022-01-07","1610612747","1610612737",134,118,105,106,"LAL","ATL"
"0022100591","2022-01-08","1610612746","1610612763",108,123,102,102,"LAC","MEM"
"0022100592","2022-01-08","1610612766","1610612749",114,106,101,101,"CHA","MIL"
"0022100593","2022-01-08","1610612765","1610612753",97,92,94,94,"DET","ORL"
"0022100594","2022-01-08","1610612754","1610612762",125,113,99,98,"IND","UTA"
"0022100595","2022-01-08","1610612738","1610612752",99,75,85,84,"BOS","NYK"
"0022100596","2022-01-08","1610612756","1610612748",100,123,98,97,"PHX","MIA"
"0022100602","2022-01-09","1610612751","1610612759",121,119,113,111,"BKN","SAS"
"0022100597","2022-01-09","1610612746","1610612737",106,93,93,93,"LAC","ATL"
"0022100598","2022-01-09","1610612753","1610612764",100,102,97,96,"ORL","WAS"
"0022100599","2022-01-09","1610612761","1610612740",105,101,89,89,"TOR","NOP"
"0022100600","2022-01-09","1610612745","1610612750",123,141,109,108,"HOU","MIN"
"0022100601","2022-01-09","1610612760","1610612743",95,99,88,89,"OKC","DEN"
"0022100603","2022-01-09","1610612742","1610612741",113,99,91,93,"DAL","CHI"
"0022100604","2022-01-09","1610612744","1610612739",96,82,92,91,"GSW","CLE"
"0022100605","2022-01-09","1610612757","1610612758",103,88,98,97,"POR","SAC"
"0022100606","2022-01-09","1610612747","1610612763",119,127,99,100,"LAL","MEM"
"0022100607","2022-01-10","1610612766","1610612749",103,99,100,101,"CHA","MIL"
"0022100608","2022-01-10","1610612765","1610612762",126,116,100,100,"DET","UTA"
"0022100609","2022-01-10","1610612738","1610612754",101,98,105,103,"BOS","IND"
"0022100610","2022-01-10","1610612752","1610612759",111,96,97,95,"NYK","SAS"
"0022100711","2022-01-10","1610612745","1610612755",91,111,101,100,"HOU","PHI"
"0022100486","2022-01-10","1610612757","1610612751",114,108,98,96,"POR","BKN"
"0022100611","2022-01-10","1610612758","1610612739",108,109,94,95,"SAC","CLE"
"0022100612","2022-01-11","1610612764","1610612760",122,118,98,98,"WAS","OKC"
"0022100613","2022-01-11","1610612761","1610612756",95,99,90,91,"TOR","PHX"
"0022100415","2022-01-11","1610612741","1610612765",133,87,101,103,"CHI","DET"
"0022100615","2022-01-11","1610612740","1610612750",128,125,101,100,"NOP","MIN"
"0022100616","2022-01-11","1610612746","1610612743",87,85,93,93,"LAC","DEN"
"0022100614","2022-01-11","1610612763","1610612744",116,108,104,103,"MEM","GSW"
"0022100618","2022-01-12","1610612754","1610612738",100,119,91,91,"IND","BOS"
"0022100619","2022-01-12","1610612755","1610612766",98,109,95,96,"PHI","CHA"
"0022100620","2022-01-12","1610612764","1610612753",112,106,93,94,"WAS","ORL"
"0022100621","2022-01-12","1610612737","1610612748",91,115,99,99,"ATL","MIA"
"0022100622","2022-01-12","1610612752","1610612742",108,85,91,92,"NYK","DAL"
"0022100623","2022-01-12","1610612759","1610612745",124,128,103,103,"SAS","HOU"
"0022100626","2022-01-12","1610612758","1610612747",125,116,99,100,"SAC","LAL"
"0022100624","2022-01-12","1610612762","1610612739",91,111,92,94,"UTA","CLE"
"0022100625","2022-01-12","1610612741","1610612751",112,138,101,99,"CHI","BKN"
"0022100627","2022-01-13","1610612749","1610612744",118,99,106,105,"MIL","GSW"
"0022100628","2022-01-13","1610612763","1610612750",116,108,104,103,"MEM","MIN"
"0022100629","2022-01-13","1610612740","1610612746",113,89,97,96,"NOP","LAC"
"0022100631","2022-01-13","1610612743","1610612757",140,108,100,99,"DEN","POR"
"0022100630","2022-01-13","1610612751","1610612760",109,130,96,97,"BKN","OKC"
"0022100632","2022-01-14","1610612766","1610612753",109,116,106,106,"CHA","ORL"
"0022100633","2022-01-14","1610612765","1610612761",103,87,88,88,"DET","TOR"
"0022100634","2022-01-14","1610612754","1610612756",94,112,97,98,"IND","PHX"
"0022100635","2022-01-14","1610612755","1610612738",111,99,96,96,"PHI","BOS"
"0022100637","2022-01-14","1610612741","1610612744",96,138,95,95,"CHI","GSW"
"0022100636","2022-01-14","1610612748","1610612737",124,118,95,94,"MIA","ATL"
"0022100638","2022-01-14","1610612759","1610612739",109,114,100,100,"SAS","CLE"
"0022100640","2022-01-14","1610612758","1610612745",126,114,107,106,"SAC","HOU"
"0022100639","2022-01-14","1610612763","1610612742",85,112,98,97,"MEM","DAL"
"0022100641","2022-01-15","1610612749","1610612761",96,103,94,95,"MIL","TOR"
"0022100642","2022-01-15","1610612764","1610612757",110,115,103,103,"WAS","POR"
"0022100643","2022-01-15","1610612737","1610612752",108,117,91,90,"ATL","NYK"
"0022100645","2022-01-15","1610612748","1610612755",98,109,94,95,"MIA","PHI"
"0022100647","2022-01-15","1610612738","1610612741",114,112,90,90,"BOS","CHI"
"0022100648","2022-01-15","1610612759","1610612746",101,94,94,94,"SAS","LAC"
"0022100649","2022-01-15","1610612743","1610612747",133,96,95,94,"DEN","LAL"
"0022100650","2022-01-15","1610612742","1610612753",108,92,93,93,"DAL","ORL"
"0022100644","2022-01-15","1610612751","1610612740",120,105,96,96,"BKN","NOP"
"0022100646","2022-01-15","1610612760","1610612739",102,107,94,95,"OKC","CLE"
"0022100617","2022-01-16","1610612765","1610612756",108,135,101,99,"DET","PHX"
"0022100651","2022-01-16","1610612758","1610612745",112,118,102,103,"SAC","HOU"
"0022100653","2022-01-16","1610612743","1610612762",102,125,97,97,"DEN","UTA"
"0022100652","2022-01-16","1610612750","1610612744",119,99,103,102,"MIN","GSW"
"0022100654","2022-01-17","1610612738","1610612740",104,92,97,96,"BOS","NOP"
"0022100656","2022-01-17","1610612764","1610612755",117,98,99,98,"WAS","PHI"
"0022100657","2022-01-17","1610612739","1610612751",114,107,95,95,"CLE","BKN"
"0022100658","2022-01-17","1610612763","1610612741",119,106,103,103,"MEM","CHI"
"0022100659","2022-01-17","1610612746","1610612754",139,133,101,102,"LAC","IND"
"0022100660","2022-01-17","1610612737","1610612749",121,114,100,102,"ATL","MIL"
"0022100661","2022-01-17","1610612753","1610612757",88,98,100,100,"ORL","POR"
"0022100662","2022-01-17","1610612748","1610612761",104,99,91,92,"MIA","TOR"
"0022100664","2022-01-17","1610612759","1610612756",107,121,95,94,"SAS","PHX"
"0022100655","2022-01-17","1610612752","1610612766",87,97,86,87,"NYK","CHA"
"0022100663","2022-01-17","1610612742","1610612760",104,102,98,98,"DAL","OKC"
"0022100665","2022-01-17","1610612747","1610612762",101,95,96,95,"LAL","UTA"
"0022100666","2022-01-18","1610612752","1610612750",110,112,99,99,"NYK","MIN"
"0022100667","2022-01-18","1610612744","1610612765",102,86,97,97,"GSW","DET"
"0022100668","2022-01-19","1610612755","1610612753",123,110,97,97,"PHI","ORL"
"0022100669","2022-01-19","1610612764","1610612751",118,119,97,96,"WAS","BKN"
"0022100670","2022-01-19","1610612737","1610612750",134,122,101,98,"ATL","MIN"
"0022100671","2022-01-19","1610612738","1610612766",102,111,97,98,"BOS","CHA"
"0022100672","2022-01-19","1610612748","1610612757",104,92,94,94,"MIA","POR"
"0022100673","2022-01-19","1610612741","1610612739",117,104,95,94,"CHI","CLE"
"0022100674","2022-01-19","1610612749","1610612763",126,114,107,107,"MIL","MEM"
"0022100675","2022-01-19","1610612742","1610612761",102,98,93,94,"DAL","TOR"
"0022100676","2022-01-19","1610612759","1610612760",118,96,99,101,"SAS","OKC"
"0022100677","2022-01-19","1610612762","1610612745",111,116,94,95,"UTA","HOU"
"0022100678","2022-01-19","1610612743","1610612746",130,128,102,102,"DEN","LAC"
"0022100680","2022-01-19","1610612747","1610612754",104,111,94,93,"LAL","IND"
"0022100679","2022-01-19","1610612758","1610612765",131,133,98,97,"SAC","DET"
"0022100681","2022-01-20","1610612752","1610612740",91,102,94,93,"NYK","NOP"
"0022100682","2022-01-20","1610612742","1610612756",101,109,99,97,"DAL","PHX"
"0022100683","2022-01-20","1610612744","1610612754",117,121,108,109,"GSW","IND"
"0022100684","2022-01-21","1610612766","1610612760",121,98,101,102,"CHA","OKC"
"0022100685","2022-01-21","1610612753","1610612747",105,116,106,104,"ORL","LAL"
"0022100686","2022-01-21","1610612755","1610612746",101,102,92,92,"PHI","LAC"
"0022100687","2022-01-21","1610612737","1610612748",110,108,91,92,"ATL","MIA"
"0022100688","2022-01-21","1610612738","1610612757",105,109,92,92,"BOS","POR"
"0022100689","2022-01-21","1610612764","1610612761",105,109,93,94,"WAS","TOR"
"0022100690","2022-01-21","1610612749","1610612741",94,90,95,95,"MIL","CHI"
"0022100691","2022-01-21","1610612759","1610612751",102,117,94,95,"SAS","BKN"
"0022100692","2022-01-21","1610612743","1610612763",118,122,102,103,"DEN","MEM"
"0022100693","2022-01-21","1610612762","1610612765",111,101,95,94,"UTA","DET"
"0022100694","2022-01-21","1610612744","1610612745",105,103,96,95,"GSW","HOU"
"0022100696","2022-01-22","1610612749","1610612758",133,127,100,101,"MIL","SAC"
"0022100697","2022-01-22","1610612756","1610612754",113,103,97,96,"PHX","IND"
"0022100695","2022-01-22","1610612739","1610612760",94,87,94,93,"CLE","OKC"
"0022100698","2022-01-23","1610612752","1610612746",110,102,95,94,"NYK","LAC"
"0022100699","2022-01-23","1610612764","1610612738",87,116,96,97,"WAS","BOS"
"0022100700","2022-01-23","1610612748","1610612747",113,107,97,96,"MIA","LAL"
"0022100701","2022-01-23","1610612753","1610612741",114,95,98,99,"ORL","CHI"
"0022100702","2022-01-23","1610612761","1610612757",105,114,99,98,"TOR","POR"
"0022100703","2022-01-23","1610612766","1610612737",91,113,100,100,"CHA","ATL"
"0022100704","2022-01-23","1610612759","1610612755",109,115,96,96,"SAS","PHI"
"0022100705","2022-01-23","1610612742","1610612763",104,91,96,96,"DAL","MEM"
"0022100706","2022-01-23","1610612750","1610612751",136,125,101,100,"MIN","BKN"
"0022100707","2022-01-23","1610612743","1610612765",117,111,95,96,"DEN","DET"
"0022100708","2022-01-23","1610612744","1610612762",94,92,84,85,"GSW","UTA"
"0022100001","2021-10-19","1610612749","1610612751",127,104,101,100,"MIL","BKN"
"0022100003","2021-10-20","1610612766","1610612754",123,122,106,106,"CHA","IND"
"0022100006","2021-10-20","1610612761","1610612764",83,98,106,106,"TOR","WAS"
"0022100007","2021-10-20","1610612763","1610612739",132,121,103,102,"MEM","CLE"
"0022100009","2021-10-20","1610612740","1610612755",97,117,97,99,"NOP","PHI"
"0022100011","2021-10-20","1610612762","1610612760",107,86,95,95,"UTA","OKC"
"0022100013","2021-10-20","1610612757","1610612758",121,124,106,105,"POR","SAC"
"0022100016","2021-10-21","1610612744","1610612746",115,113,102,103,"GSW","LAC"
"0022100018","2021-10-22","1610612753","1610612752",96,121,97,98,"ORL","NYK"
"0022100019","2021-10-22","1610612764","1610612754",135,134,103,103,"WAS","IND"
"0022100022","2021-10-22","1610612741","1610612740",128,112,103,101,"CHI","NOP"
"0022100024","2021-10-22","1610612743","1610612759",102,96,101,102,"DEN","SAS"
"0022100026","2021-10-22","1610612758","1610612762",101,110,102,103,"SAC","UTA"
"0022100028","2021-10-23","1610612754","1610612748",102,91,106,105,"IND","MIA"
"0022100030","2021-10-23","1610612741","1610612765",97,82,100,100,"CHI","DET"
"0022100032","2021-10-23","1610612759","1610612749",111,121,101,102,"SAS","MIL"
"0022100034","2021-10-23","1610612746","1610612763",114,120,97,97,"LAC","MEM"
"0022100036","2021-10-24","1610612752","1610612753",104,110,103,102,"NYK","ORL"
"0022100038","2021-10-24","1610612760","1610612755",103,115,96,96,"OKC","PHI"
"0022100040","2021-10-24","1610612747","1610612763",121,118,101,99,"LAL","MEM"
"0022100042","2021-10-25","1610612754","1610612749",109,119,104,105,"IND","MIL"
"0022100043","2021-10-25","1610612737","1610612765",122,104,102,102,"ATL","DET"
"0022100045","2021-10-25","1610612748","1610612753",107,90,97,97,"MIA","ORL"
"0022100047","2021-10-25","1610612750","1610612740",98,107,101,100,"MIN","NOP"
"0022100050","2021-10-26","1610612752","1610612755",112,99,91,93,"NYK","PHI"
"0022100051","2021-10-26","1610612760","1610612744",98,106,98,97,"OKC","GSW"
"0022100053","2021-10-26","1610612759","1610612747",121,125,116,115,"SAS","LAL"
"0022100056","2021-10-27","1610612738","1610612764",107,116,99,99,"BOS","WAS"
"0022100057","2021-10-27","1610612751","1610612748",93,106,102,101,"BKN","MIA"
"0022100060","2021-10-27","1610612749","1610612750",108,113,99,98,"MIL","MIN"
"0022100062","2021-10-27","1610612756","1610612758",107,110,99,100,"PHX","SAC"
"0022100064","2021-10-27","1610612746","1610612739",79,92,95,96,"LAC","CLE"
"0022100066","2021-10-28","1610612764","1610612737",122,111,100,100,"WAS","ATL"
"0022100067","2021-10-28","1610612741","1610612752",103,104,93,94,"CHI","NYK"
"0022100069","2021-10-28","1610612742","1610612759",104,99,95,95,"DAL","SAS"
"0022100071","2021-10-29","1610612761","1610612753",110,109,92,93,"TOR","ORL"
"0022100073","2021-10-29","1610612748","1610612766",114,99,98,97,"MIA","CHA"
"0022100075","2021-10-29","1610612743","1610612742",106,75,98,96,"DEN","DAL"
"0022100077","2021-10-29","1610612747","1610612739",113,101,93,93,"LAL","CLE"
"0022100079","2021-10-30","1610612765","1610612753",110,103,98,98,"DET","ORL"
"0022100002","2021-10-19","1610612747","1610612744",114,121,111,112,"LAL","GSW"
"0022100004","2021-10-20","1610612765","1610612741",88,94,98,96,"DET","CHI"
"0022100005","2021-10-20","1610612752","1610612738",138,134,123,124,"NYK","BOS"
"0022100008","2021-10-20","1610612750","1610612745",124,106,107,107,"MIN","HOU"
"0022100010","2021-10-20","1610612759","1610612753",123,97,95,95,"SAS","ORL"
"0022100012","2021-10-20","1610612756","1610612743",98,110,99,101,"PHX","DEN"
"0022100014","2021-10-21","1610612737","1610612742",113,87,103,103,"ATL","DAL"
"0022100015","2021-10-21","1610612748","1610612749",137,95,106,105,"MIA","MIL"
"0022100017","2021-10-22","1610612739","1610612766",112,123,104,105,"CLE","CHA"
"0022100020","2021-10-22","1610612738","1610612761",83,115,101,100,"BOS","TOR"
"0022100021","2021-10-22","1610612755","1610612751",109,114,95,96,"PHI","BKN"
"0022100023","2021-10-22","1610612745","1610612760",124,91,103,103,"HOU","OKC"
"0022100025","2021-10-22","1610612747","1610612756",105,115,100,101,"LAL","PHX"
"0022100027","2021-10-23","1610612739","1610612737",101,95,97,95,"CLE","ATL"
"0022100029","2021-10-23","1610612761","1610612742",95,103,91,93,"TOR","DAL"
"0022100031","2021-10-23","1610612750","1610612740",96,89,105,104,"MIN","NOP"
"0022100033","2021-10-23","1610612757","1610612756",134,105,102,101,"POR","PHX"
"0022100035","2021-10-24","1610612751","1610612766",95,111,100,100,"BKN","CHA"
"0022100037","2021-10-24","1610612745","1610612738",97,107,99,98,"HOU","BOS"
"0022100039","2021-10-24","1610612758","1610612744",107,119,99,100,"SAC","GSW"
"0022100041","2021-10-25","1610612766","1610612738",129,140,113,113,"CHA","BOS"
"0022100044","2021-10-25","1610612751","1610612764",104,90,103,104,"BKN","WAS"
"0022100046","2021-10-25","1610612761","1610612741",108,111,97,97,"TOR","CHI"
"0022100048","2021-10-25","1610612743","1610612739",87,99,98,97,"DEN","CLE"
"0022100049","2021-10-25","1610612746","1610612757",116,86,115,114,"LAC","POR"
"0022100052","2021-10-26","1610612742","1610612745",116,106,103,104,"DAL","HOU"
"0022100054","2021-10-26","1610612762","1610612743",122,110,101,100,"UTA","DEN"
"0022100055","2021-10-27","1610612753","1610612766",111,120,100,101,"ORL","CHA"
"0022100058","2021-10-27","1610612761","1610612754",118,100,96,96,"TOR","IND"
"0022100059","2021-10-27","1610612740","1610612737",99,102,93,93,"NOP","ATL"
"0022100061","2021-10-27","1610612760","1610612747",123,115,104,104,"OKC","LAL"
"0022100063","2021-10-27","1610612757","1610612763",116,96,99,98,"POR","MEM"
"0022100065","2021-10-28","1610612755","1610612765",110,102,98,98,"PHI","DET"
"0022100068","2021-10-28","1610612745","1610612762",91,122,104,102,"HOU","UTA"
"0022100070","2021-10-28","1610612744","1610612763",101,104,108,108,"GSW","MEM"
"0022100072","2021-10-29","1610612751","1610612754",105,98,101,100,"BKN","IND"
"0022100074","2021-10-29","1610612740","1610612758",109,113,101,101,"NOP","SAC"
"0022100076","2021-10-29","1610612757","1610612746",111,92,99,99,"POR","LAC"
"0022100078","2021-10-30","1610612764","1610612738",115,112,117,118,"WAS","BOS"
"0022100080","2021-10-30","1610612740","1610612752",117,123,99,98,"NOP","NYK"
"0022100081","2021-10-30","1610612754","1610612761",94,97,98,97,"IND","TOR"
"0022100083","2021-10-30","1610612741","1610612762",107,99,104,102,"CHI","UTA"
"0022100085","2021-10-30","1610612749","1610612759",93,102,107,106,"MIL","SAS"
"0022100087","2021-10-30","1610612750","1610612743",91,93,96,96,"MIN","DEN"
"0022100089","2021-10-31","1610612742","1610612758",105,99,96,97,"DAL","SAC"
"0022100091","2021-10-31","1610612749","1610612762",95,107,90,92,"MIL","UTA"
"0022100093","2021-10-31","1610612747","1610612745",95,85,103,102,"LAL","HOU"
"0022100095","2021-11-01","1610612754","1610612759",131,118,99,98,"IND","SAS"
"0022100097","2021-11-01","1610612737","1610612764",118,111,96,95,"ATL","WAS"
"0022100099","2021-11-01","1610612752","1610612761",104,113,96,97,"NYK","TOR"
"0022100082","2021-10-30","1610612755","1610612737",122,94,100,99,"PHI","ATL"
"0022100084","2021-10-30","1610612763","1610612748",103,129,98,100,"MEM","MIA"
"0022100086","2021-10-30","1610612744","1610612760",103,82,100,101,"GSW","OKC"
"0022100088","2021-10-30","1610612756","1610612739",101,92,101,101,"PHX","CLE"
"0022100090","2021-10-31","1610612766","1610612757",125,113,96,97,"CHA","POR"
"0022100092","2021-10-31","1610612751","1610612765",117,91,95,96,"BKN","DET"
"0022100094","2021-11-01","1610612766","1610612739",110,113,99,100,"CHA","CLE"
"0022100096","2021-11-01","1610612755","1610612757",113,103,92,92,"PHI","POR"
"0022100098","2021-11-01","1610612738","1610612741",114,128,100,100,"BOS","CHI"
"0022100709","2022-01-24","1610612739","1610612752",95,93,94,93,"CLE","NYK"
"0022100712","2022-01-24","1610612740","1610612754",117,113,100,101,"NOP","IND"
"0022100730","2022-01-24","1610612760","1610612741",110,111,102,101,"OKC","CHI"
"0022100713","2022-01-24","1610612756","1610612762",115,109,98,96,"PHX","UTA"
"0022100101","2021-11-01","1610612750","1610612753",97,115,99,98,"MIN","ORL"
"0022100103","2021-11-02","1610612765","1610612749",89,117,98,97,"DET","MIL"
"0022100105","2021-11-02","1610612762","1610612758",119,113,103,103,"UTA","SAC"
"0022100107","2021-11-02","1610612747","1610612745",119,117,106,106,"LAL","HOU"
"0022100109","2021-11-03","1610612754","1610612752",111,98,95,95,"IND","NYK"
"0022100111","2021-11-03","1610612755","1610612741",103,98,97,97,"PHI","CHI"
"0022100113","2021-11-03","1610612751","1610612737",117,108,101,102,"BKN","ATL"
"0022100115","2021-11-03","1610612750","1610612746",115,126,99,100,"MIN","LAC"
"0022100117","2021-11-03","1610612744","1610612766",114,92,104,103,"GSW","CHA"
"0022100119","2021-11-04","1610612765","1610612755",98,109,91,92,"DET","PHI"
"0022100121","2021-11-04","1610612748","1610612738",78,95,90,90,"MIA","BOS"
"0022100123","2021-11-04","1610612747","1610612760",104,107,100,99,"LAL","OKC"
"0022100125","2021-11-05","1610612753","1610612759",89,102,100,100,"ORL","SAS"
"0022100127","2021-11-05","1610612761","1610612739",101,102,89,89,"TOR","CLE"
"0022100129","2021-11-05","1610612750","1610612746",84,104,103,103,"MIN","LAC"
"0022100131","2021-11-05","1610612757","1610612754",110,106,96,96,"POR","IND"
"0022100133","2021-11-06","1610612743","1610612745",95,94,96,96,"DEN","HOU"
"0022100135","2021-11-06","1610612741","1610612755",105,114,96,94,"CHI","PHI"
"0022100137","2021-11-06","1610612756","1610612737",121,117,104,104,"PHX","ATL"
"0022100139","2021-11-07","1610612761","1610612751",103,116,94,94,"TOR","BKN"
"0022100141","2021-11-07","1610612753","1610612762",107,100,97,96,"ORL","UTA"
"0022100143","2021-11-07","1610612758","1610612754",91,94,93,93,"SAC","IND"
"0022100144","2021-11-07","1610612760","1610612759",99,94,100,100,"OKC","SAS"
"0022100147","2021-11-08","1610612755","1610612752",96,103,93,95,"PHI","NYK"
"0022100148","2021-11-08","1610612741","1610612751",118,95,101,100,"CHI","BKN"
"0022100150","2021-11-08","1610612742","1610612740",108,92,94,93,"DAL","NOP"
"0022100152","2021-11-08","1610612744","1610612737",127,113,102,103,"GSW","ATL"
"0022100154","2021-11-08","1610612747","1610612766",126,123,111,110,"LAL","CHA"
"0022100157","2021-11-09","1610612746","1610612757",117,109,96,95,"LAC","POR"
"0022100159","2021-11-10","1610612753","1610612751",90,123,104,103,"ORL","BKN"
"0022100161","2021-11-10","1610612752","1610612749",100,112,94,93,"NYK","MIL"
"0022100163","2021-11-10","1610612741","1610612742",117,107,97,97,"CHI","DAL"
"0022100164","2021-11-10","1610612763","1610612766",108,118,105,106,"MEM","CHA"
"0022100167","2021-11-10","1610612743","1610612754",101,98,90,90,"DEN","IND"
"0022100168","2021-11-10","1610612756","1610612757",119,109,97,96,"PHX","POR"
"0022100170","2021-11-10","1610612747","1610612748",120,117,111,110,"LAL","MIA"
"0022100173","2021-11-11","1610612746","1610612748",112,109,98,97,"LAC","MIA"
"0022100175","2021-11-12","1610612738","1610612749",122,113,103,102,"BOS","MIL"
"0022100177","2021-11-12","1610612745","1610612757",92,104,98,99,"HOU","POR"
"0022100179","2021-11-12","1610612740","1610612751",112,120,95,95,"NOP","BKN"
"0022100100","2021-11-01","1610612763","1610612743",106,97,99,98,"MEM","DEN"
"0022100102","2021-11-01","1610612746","1610612760",99,94,98,98,"LAC","OKC"
"0022100104","2021-11-02","1610612742","1610612748",110,125,94,94,"DAL","MIA"
"0022100106","2021-11-02","1610612756","1610612740",112,100,100,100,"PHX","NOP"
"0022100108","2021-11-03","1610612739","1610612757",107,104,93,94,"CLE","POR"
"0022100110","2021-11-03","1610612753","1610612738",79,92,94,94,"ORL","BOS"
"0022100112","2021-11-03","1610612764","1610612761",100,109,95,94,"WAS","TOR"
"0022100114","2021-11-03","1610612763","1610612743",108,106,94,93,"MEM","DEN"
"0022100116","2021-11-03","1610612759","1610612742",108,109,104,103,"SAS","DAL"
"0022100118","2021-11-03","1610612758","1610612740",112,99,95,96,"SAC","NOP"
"0022100120","2021-11-04","1610612737","1610612762",98,116,94,93,"ATL","UTA"
"0022100122","2021-11-04","1610612756","1610612745",123,111,104,105,"PHX","HOU"
"0022100124","2021-11-05","1610612765","1610612751",90,96,98,96,"DET","BKN"
"0022100126","2021-11-05","1610612764","1610612763",115,87,100,100,"WAS","MEM"
"0022100128","2021-11-05","1610612749","1610612752",98,113,100,99,"MIL","NYK"
"0022100130","2021-11-05","1610612744","1610612740",126,85,98,97,"GSW","NOP"
"0022100132","2021-11-05","1610612758","1610612766",140,110,103,103,"SAC","CHA"
"0022100134","2021-11-06","1610612748","1610612762",118,115,91,92,"MIA","UTA"
"0022100136","2021-11-06","1610612742","1610612738",107,104,91,91,"DAL","BOS"
"0022100138","2021-11-06","1610612757","1610612747",105,90,106,106,"POR","LAL"
"0022100140","2021-11-07","1610612752","1610612739",109,126,99,98,"NYK","CLE"
"0022100142","2021-11-07","1610612764","1610612749",101,94,98,97,"WAS","MIL"
"0022100145","2021-11-07","1610612744","1610612745",120,107,102,101,"GSW","HOU"
"0022100146","2021-11-07","1610612746","1610612766",120,106,104,102,"LAC","CHA"
"0022100149","2021-11-08","1610612763","1610612750",125,118,103,104,"MEM","MIN"
"0022100151","2021-11-08","1610612743","1610612748",113,96,94,93,"DEN","MIA"
"0022100153","2021-11-08","1610612758","1610612756",104,109,104,103,"SAC","PHX"
"0022100155","2021-11-09","1610612755","1610612749",109,118,98,99,"PHI","MIL"
"0022100156","2021-11-09","1610612762","1610612737",110,98,92,92,"UTA","ATL"
"0022100158","2021-11-10","1610612739","1610612764",94,97,91,91,"CLE","WAS"
"0022100160","2021-11-10","1610612738","1610612761",104,88,98,97,"BOS","TOR"
"0022100162","2021-11-10","1610612745","1610612765",104,112,99,99,"HOU","DET"
"0022100165","2021-11-10","1610612740","1610612760",100,108,99,98,"NOP","OKC"
"0022100166","2021-11-10","1610612759","1610612758",136,117,102,102,"SAS","SAC"
"0022100169","2021-11-10","1610612744","1610612750",123,110,99,99,"GSW","MIN"
"0022100171","2021-11-11","1610612755","1610612761",109,115,96,97,"PHI","TOR"
"0022100172","2021-11-11","1610612762","1610612754",100,111,97,98,"UTA","IND"
"0022100174","2021-11-12","1610612766","1610612752",104,96,100,100,"CHA","NYK"
"0022100176","2021-11-12","1610612739","1610612765",98,78,96,95,"CLE","DET"
"0022100178","2021-11-12","1610612763","1610612756",94,119,104,104,"MEM","PHX"
"0022100181","2021-11-12","1610612759","1610612742",109,123,99,101,"SAS","DAL"
"0022100180","2021-11-12","1610612760","1610612758",105,103,98,97,"OKC","SAC"
"0022100182","2021-11-12","1610612743","1610612737",105,96,93,93,"DEN","ATL"
"0022100184","2021-11-12","1610612747","1610612750",83,107,95,97,"LAL","MIN"
"0022100186","2021-11-13","1610612754","1610612755",118,113,95,94,"IND","PHI"
"0022100188","2021-11-13","1610612740","1610612763",112,101,91,91,"NOP","MEM"
"0022100190","2021-11-13","1610612739","1610612738",91,89,94,94,"CLE","BOS"
"0022100192","2021-11-14","1610612747","1610612759",114,106,97,96,"LAL","SAS"
"0022100194","2021-11-14","1610612766","1610612744",106,102,100,100,"CHA","GSW"
"0022100196","2021-11-14","1610612760","1610612751",96,120,99,98,"OKC","BKN"
"0022100198","2021-11-14","1610612746","1610612741",90,100,98,100,"LAC","CHI"
"0022100183","2021-11-12","1610612744","1610612741",119,93,100,99,"GSW","CHI"
"0022100185","2021-11-13","1610612762","1610612748",105,111,96,96,"UTA","MIA"
"0022100187","2021-11-13","1610612753","1610612764",92,104,96,95,"ORL","WAS"
"0022100189","2021-11-13","1610612761","1610612765",121,127,97,96,"TOR","DET"
"0022100191","2021-11-13","1610612746","1610612750",129,102,103,104,"LAC","MIN"
"0022100193","2021-11-14","1610612737","1610612749",120,100,96,97,"ATL","MIL"
"0022100195","2021-11-14","1610612745","1610612756",89,115,101,102,"HOU","PHX"
"0022100197","2021-11-14","1610612743","1610612757",124,95,91,91,"DEN","POR"
"0022100199","2021-11-15","1610612739","1610612738",92,98,96,96,"CLE","BOS"
"0022100200","2021-11-15","1610612765","1610612758",107,129,103,101,"DET","SAC"
"0022100203","2021-11-15","1610612752","1610612754",92,84,90,88,"NYK","IND"
"0022100204","2021-11-15","1610612742","1610612743",111,101,92,93,"DAL","DEN"
"0022100206","2021-11-15","1610612750","1610612756",96,99,100,101,"MIN","PHX"
"0022100208","2021-11-15","1610612757","1610612761",118,113,92,93,"POR","TOR"
"0022100210","2021-11-16","1610612751","1610612744",99,117,102,104,"BKN","GSW"
"0022100212","2021-11-16","1610612746","1610612759",106,92,106,107,"LAC","SAS"
"0022100214","2021-11-17","1610612765","1610612754",97,89,96,96,"DET","IND"
"0022100201","2021-11-15","1610612764","1610612740",105,100,93,93,"WAS","NOP"
"0022100202","2021-11-15","1610612737","1610612753",129,111,100,100,"ATL","ORL"
"0022100205","2021-11-15","1610612763","1610612745",136,102,105,105,"MEM","HOU"
"0022100207","2021-11-15","1610612760","1610612748",90,103,97,98,"OKC","MIA"
"0022100209","2021-11-15","1610612747","1610612741",103,121,104,102,"LAL","CHI"
"0022100211","2021-11-16","1610612762","1610612755",120,85,99,99,"UTA","PHI"
"0022100213","2021-11-17","1610612766","1610612764",97,87,93,93,"CHA","WAS"
"0022100215","2021-11-17","1610612737","1610612738",110,99,94,95,"ATL","BOS"
"0022100217","2021-11-17","1610612748","1610612740",113,98,95,94,"MIA","NOP"
"0022100219","2021-11-17","1610612749","1610612747",109,102,103,102,"MIL","LAL"
"0022100221","2021-11-17","1610612760","1610612745",101,89,101,101,"OKC","HOU"
"0022100223","2021-11-17","1610612757","1610612741",112,107,96,96,"POR","CHI"
"0022100225","2021-11-18","1610612748","1610612764",112,97,93,92,"MIA","WAS"
"0022100227","2021-11-18","1610612750","1610612759",115,90,93,93,"MIN","SAS"
"0022100229","2021-11-18","1610612762","1610612761",119,103,96,97,"UTA","TOR"
"0022100231","2021-11-19","1610612765","1610612744",102,105,92,91,"DET","GSW"
"0022100233","2021-11-19","1610612751","1610612753",115,113,96,97,"BKN","ORL"
"0022100216","2021-11-17","1610612751","1610612739",109,99,99,99,"BKN","CLE"
"0022100218","2021-11-17","1610612752","1610612753",98,104,98,99,"NYK","ORL"
"0022100220","2021-11-17","1610612750","1610612758",107,97,93,94,"MIN","SAC"
"0022100222","2021-11-17","1610612756","1610612742",105,98,94,95,"PHX","DAL"
"0022100224","2021-11-18","1610612739","1610612744",89,104,91,90,"CLE","GSW"
"0022100226","2021-11-18","1610612763","1610612746",120,108,96,95,"MEM","LAC"
"0022100228","2021-11-18","1610612743","1610612755",89,103,91,91,"DEN","PHI"
"0022100230","2021-11-19","1610612766","1610612754",121,118,104,105,"CHA","IND"
"0022100232","2021-11-19","1610612738","1610612747",130,108,99,98,"BOS","LAL"
"0022100234","2021-11-19","1610612749","1610612760",96,89,98,98,"MIL","OKC"
"0022100237","2021-11-19","1610612756","1610612742",112,104,100,99,"PHX","DAL"
"0022100239","2021-11-20","1610612752","1610612745",106,99,99,100,"NYK","HOU"
"0022100241","2021-11-20","1610612764","1610612748",103,100,91,89,"WAS","MIA"
"0022100243","2021-11-20","1610612738","1610612760",111,105,94,93,"BOS","OKC"
"0022100244","2021-11-20","1610612749","1610612753",117,108,102,103,"MIL","ORL"
"0022100247","2021-11-20","1610612758","1610612762",105,123,96,95,"SAC","UTA"
"0022100249","2021-11-21","1610612765","1610612747",116,121,102,101,"DET","LAL"
"0022100251","2021-11-21","1610612756","1610612743",126,97,97,98,"PHX","DEN"
"0022100253","2021-11-22","1610612739","1610612751",112,117,102,102,"CLE","BKN"
"0022100255","2021-11-22","1610612737","1610612760",113,101,93,93,"ATL","OKC"
"0022100257","2021-11-22","1610612741","1610612754",77,109,94,95,"CHI","IND"
"0022100259","2021-11-22","1610612740","1610612750",96,110,98,100,"NOP","MIN"
"0022100261","2021-11-22","1610612762","1610612763",118,119,99,98,"UTA","MEM"
"0022100263","2021-11-23","1610612765","1610612748",92,100,92,93,"DET","MIA"
"0022100265","2021-11-23","1610612757","1610612743",119,100,93,92,"POR","DEN"
"0022100267","2021-11-24","1610612739","1610612756",115,120,102,101,"CLE","PHX"
"0022100269","2021-11-24","1610612753","1610612766",99,106,98,98,"ORL","CHA"
"0022100270","2021-11-24","1610612738","1610612751",104,123,96,98,"BOS","BKN"
"0022100272","2021-11-24","1610612763","1610612761",113,126,94,94,"MEM","TOR"
"0022100274","2021-11-24","1610612750","1610612748",113,101,102,101,"MIN","MIA"
"0022100276","2021-11-24","1610612760","1610612762",104,110,98,97,"OKC","UTA"
"0022100278","2021-11-24","1610612744","1610612755",116,96,100,100,"GSW","PHI"
"0022100235","2021-11-19","1610612740","1610612746",94,81,94,93,"NOP","LAC"
"0022100236","2021-11-19","1610612743","1610612741",108,114,96,96,"DEN","CHI"
"0022100238","2021-11-19","1610612758","1610612761",89,108,94,95,"SAC","TOR"
"0022100240","2021-11-20","1610612754","1610612740",111,94,103,101,"IND","NOP"
"0022100242","2021-11-20","1610612737","1610612766",115,105,97,97,"ATL","CHA"
"0022100245","2021-11-20","1610612750","1610612763",138,95,97,96,"MIN","MEM"
"0022100246","2021-11-20","1610612757","1610612755",118,111,95,96,"POR","PHI"
"0022100248","2021-11-21","1610612746","1610612742",97,91,91,90,"LAC","DAL"
"0022100250","2021-11-21","1610612741","1610612752",109,103,92,93,"CHI","NYK"
"0022100252","2021-11-21","1610612744","1610612761",119,104,96,95,"GSW","TOR"
"0022100254","2021-11-22","1610612764","1610612766",103,109,102,102,"WAS","CHA"
"0022100256","2021-11-22","1610612738","1610612745",108,90,102,102,"BOS","HOU"
"0022100258","2021-11-22","1610612749","1610612753",123,92,99,99,"MIL","ORL"
"0022100260","2021-11-22","1610612759","1610612756",111,115,99,99,"SAS","PHX"
"0022100262","2021-11-22","1610612758","1610612755",94,102,92,92,"SAC","PHI"
"0022100264","2021-11-23","1610612752","1610612747",106,100,98,98,"NYK","LAL"
"0022100266","2021-11-23","1610612746","1610612742",104,112,98,98,"LAC","DAL"
"0022100268","2021-11-24","1610612754","1610612747",116,124,108,109,"IND","LAL"
"0022100271","2021-11-24","1610612745","1610612741",118,113,107,105,"HOU","CHI"
"0022100273","2021-11-24","1610612749","1610612765",114,93,99,101,"MIL","DET"
"0022100275","2021-11-24","1610612740","1610612764",127,102,107,106,"NOP","WAS"
"0022100277","2021-11-24","1610612759","1610612737",106,124,97,99,"SAS","ATL"
"0022100279","2021-11-24","1610612758","1610612757",125,121,100,101,"SAC","POR"
"0022100280","2021-11-26","1610612746","1610612765",107,96,104,102,"LAC","DET"
"0022100282","2021-11-26","1610612752","1610612756",97,118,95,96,"NYK","PHX"
"0022100284","2021-11-26","1610612754","1610612761",114,97,95,94,"IND","TOR"
"0022100286","2021-11-26","1610612760","1610612764",99,101,95,94,"OKC","WAS"
"0022100288","2021-11-26","1610612743","1610612749",109,120,95,95,"DEN","MIL"
"0022100290","2021-11-26","1610612744","1610612757",118,103,97,98,"GSW","POR"
"0022100292","2021-11-27","1610612755","1610612750",120,121,111,110,"PHI","MIN"
"0022100294","2021-11-27","1610612751","1610612756",107,113,101,103,"BKN","PHX"
"0022100296","2021-11-27","1610612741","1610612748",104,107,96,95,"CHI","MIA"
"0022100298","2021-11-27","1610612742","1610612764",114,120,94,94,"DAL","WAS"
"0022100281","2021-11-26","1610612766","1610612750",133,115,104,103,"CHA","MIN"
"0022100283","2021-11-26","1610612753","1610612741",88,123,98,98,"ORL","CHI"
"0022100285","2021-11-26","1610612763","1610612737",100,132,98,100,"MEM","ATL"
"0022100287","2021-11-26","1610612759","1610612738",96,88,95,94,"SAS","BOS"
"0022100289","2021-11-26","1610612762","1610612740",97,98,94,96,"UTA","NOP"
"0022100291","2021-11-26","1610612747","1610612758",137,141,123,124,"LAL","SAC"
"0022100293","2021-11-27","1610612737","1610612752",90,99,92,94,"ATL","NYK"
"0022100295","2021-11-27","1610612739","1610612753",105,92,95,96,"CLE","ORL"
"0022100297","2021-11-27","1610612745","1610612766",146,143,107,106,"HOU","CHA"
"0022100299","2021-11-27","1610612762","1610612740",127,105,101,99,"UTA","NOP"
"0022100301","2021-11-28","1610612754","1610612749",100,118,100,99,"IND","MIL"
"0022100303","2021-11-28","1610612763","1610612758",128,101,106,105,"MEM","SAC"
"0022100305","2021-11-29","1610612755","1610612753",101,96,101,102,"PHI","ORL"
"0022100307","2021-11-29","1610612741","1610612766",133,119,100,98,"CHI","CHA"
"0022100309","2021-11-29","1610612750","1610612754",100,98,98,99,"MIN","IND"
"0022100311","2021-11-29","1610612759","1610612764",116,99,89,90,"SAS","WAS"
"0022100313","2021-11-29","1610612746","1610612740",104,123,91,91,"LAC","NOP"
"0022100314","2021-11-30","1610612751","1610612752",112,110,92,92,"BKN","NYK"
"0022100316","2021-11-30","1610612756","1610612744",104,96,96,94,"PHX","GSW"
"0022100318","2021-11-30","1610612758","1610612747",92,117,97,97,"SAC","LAL"
"0022100300","2021-11-28","1610612746","1610612744",90,105,100,99,"LAC","GSW"
"0022100302","2021-11-28","1610612761","1610612738",97,109,96,96,"TOR","BOS"
"0022100304","2021-11-28","1610612747","1610612765",110,106,102,103,"LAL","DET"
"0022100306","2021-11-29","1610612748","1610612743",111,120,92,91,"MIA","DEN"
"0022100308","2021-11-29","1610612745","1610612760",102,89,102,102,"HOU","OKC"
"0022100310","2021-11-29","1610612742","1610612739",96,114,99,98,"DAL","CLE"
"0022100312","2021-11-29","1610612762","1610612757",129,107,94,94,"UTA","POR"
"0022100315","2021-11-30","1610612761","1610612763",91,98,99,97,"TOR","MEM"
"0022100317","2021-11-30","1610612757","1610612765",110,92,98,97,"POR","DET"
"0022100319","2021-12-01","1610612754","1610612737",111,114,96,97,"IND","ATL"
"0022100321","2021-12-01","1610612764","1610612750",115,107,98,98,"WAS","MIN"
"0022100323","2021-12-01","1610612748","1610612739",85,111,91,93,"MIA","CLE"
"0022100325","2021-12-01","1610612740","1610612742",107,139,93,95,"NOP","DAL"
"0022100327","2021-12-01","1610612746","1610612758",115,124,99,101,"LAC","SAC"
"0022100329","2021-12-02","1610612761","1610612749",97,93,89,88,"TOR","MIL"
"0022100330","2021-12-02","1610612763","1610612760",152,79,98,98,"MEM","OKC"
"0022100332","2021-12-02","1610612757","1610612759",83,114,99,101,"POR","SAS"
"0022100335","2021-12-03","1610612737","1610612755",96,98,91,90,"ATL","PHI"
"0022100337","2021-12-03","1610612745","1610612753",118,116,99,99,"HOU","ORL"
"0022100338","2021-12-03","1610612742","1610612740",91,107,96,97,"DAL","NOP"
"0022100340","2021-12-03","1610612744","1610612756",118,96,101,99,"GSW","PHX"
"0022100343","2021-12-04","1610612751","1610612741",107,111,99,98,"BKN","CHI"
"0022100345","2021-12-04","1610612742","1610612763",90,97,95,95,"DAL","MEM"
"0022100347","2021-12-04","1610612757","1610612738",117,145,97,96,"POR","BOS"
"0022100349","2021-12-05","1610612739","1610612762",108,109,93,94,"CLE","UTA"
"0022100350","2021-12-05","1610612737","1610612766",127,130,100,99,"ATL","CHA"
"0022100353","2021-12-06","1610612766","1610612755",124,127,102,101,"CHA","PHI"
"0022100355","2021-12-06","1610612754","1610612764",116,110,89,90,"IND","WAS"
"0022100357","2021-12-06","1610612741","1610612743",109,97,98,97,"CHI","DEN"
"0022100359","2021-12-06","1610612750","1610612737",110,121,98,98,"MIN","ATL"
"0022100361","2021-12-06","1610612744","1610612753",126,95,103,102,"GSW","ORL"
"0022100363","2021-12-07","1610612742","1610612751",99,102,92,91,"DAL","BKN"
"0022100365","2021-12-07","1610612747","1610612738",117,102,98,98,"LAL","BOS"
"0022100367","2021-12-08","1610612739","1610612741",115,92,95,96,"CLE","CHI"
"0022100369","2021-12-08","1610612754","1610612752",122,102,96,96,"IND","NYK"
"0022100371","2021-12-08","1610612761","1610612760",109,110,98,98,"TOR","OKC"
"0022100373","2021-12-08","1610612763","1610612742",96,104,94,94,"MEM","DAL"
"0022100375","2021-12-08","1610612740","1610612743",114,120,105,106,"NOP","DEN"
"0022100377","2021-12-08","1610612758","1610612753",142,130,99,100,"SAC","ORL"
"0022100379","2021-12-09","1610612755","1610612762",96,118,93,94,"PHI","UTA"
"0022100320","2021-12-01","1610612753","1610612743",108,103,98,98,"ORL","DEN"
"0022100322","2021-12-01","1610612738","1610612755",88,87,90,92,"BOS","PHI"
"0022100324","2021-12-01","1610612749","1610612766",127,125,106,104,"MIL","CHA"
"0022100326","2021-12-01","1610612760","1610612745",110,114,96,95,"OKC","HOU"
"0022100328","2021-12-02","1610612752","1610612741",115,119,101,100,"NYK","CHI"
"0022100331","2021-12-02","1610612756","1610612765",114,103,96,96,"PHX","DET"
"0022100333","2021-12-03","1610612754","1610612748",104,113,89,90,"IND","MIA"
"0022100334","2021-12-03","1610612764","1610612739",101,116,95,93,"WAS","CLE"
"0022100336","2021-12-03","1610612751","1610612750",110,105,101,103,"BKN","MIN"
"0022100339","2021-12-03","1610612762","1610612738",137,130,99,100,"UTA","BOS"
"0022100341","2021-12-03","1610612747","1610612746",115,119,93,93,"LAL","LAC"
"0022100342","2021-12-04","1610612752","1610612743",99,113,88,89,"NYK","DEN"
"0022100344","2021-12-04","1610612749","1610612748",124,102,96,97,"MIL","MIA"
"0022100346","2021-12-04","1610612744","1610612759",107,112,99,97,"GSW","SAS"
"0022100348","2021-12-04","1610612758","1610612746",104,99,100,101,"SAC","LAC"
"0022100351","2021-12-05","1610612761","1610612764",102,90,92,90,"TOR","WAS"
"0022100352","2021-12-05","1610612745","1610612740",118,108,92,90,"HOU","NOP"
"0022100354","2021-12-06","1610612765","1610612760",103,114,98,100,"DET","OKC"
"0022100356","2021-12-06","1610612748","1610612763",90,105,96,97,"MIA","MEM"
"0022100358","2021-12-06","1610612749","1610612739",112,104,102,100,"MIL","CLE"
"0022100360","2021-12-06","1610612756","1610612759",108,104,101,100,"PHX","SAS"
"0022100362","2021-12-06","1610612757","1610612746",90,102,98,99,"POR","LAC"
"0022100364","2021-12-07","1610612759","1610612752",109,121,95,95,"SAS","NYK"
"0022100366","2021-12-08","1610612766","1610612755",106,110,96,96,"CHA","PHI"
"0022100368","2021-12-08","1610612765","1610612764",116,119,101,100,"DET","WAS"
"0022100370","2021-12-08","1610612748","1610612749",113,104,99,99,"MIA","MIL"
"0022100372","2021-12-08","1610612745","1610612751",114,104,93,93,"HOU","BKN"
"0022100374","2021-12-08","1610612750","1610612762",104,136,104,104,"MIN","UTA"
"0022100376","2021-12-08","1610612744","1610612757",104,94,100,99,"GSW","POR"
"0022100378","2021-12-08","1610612746","1610612738",114,111,100,101,"LAC","BOS"
"0022100381","2021-12-09","1610612759","1610612743",123,111,97,99,"SAS","DEN"
"0022100380","2021-12-09","1610612763","1610612747",108,95,100,100,"MEM","LAL"
"0022100383","2021-12-10","1610612754","1610612742",106,93,89,89,"IND","DAL"
"0022100384","2021-12-10","1610612737","1610612751",105,113,103,101,"ATL","BKN"
"0022100387","2021-12-10","1610612750","1610612739",106,123,103,103,"MIN","CLE"
"0022100389","2021-12-10","1610612760","1610612747",95,116,97,98,"OKC","LAL"
"0022100390","2021-12-10","1610612756","1610612738",111,90,99,98,"PHX","BOS"
"0022100393","2021-12-11","1610612739","1610612758",117,103,106,105,"CLE","SAC"
"0022100395","2021-12-11","1610612763","1610612745",113,106,90,89,"MEM","HOU"
"0022100397","2021-12-11","1610612759","1610612743",112,127,97,99,"SAS","DEN"
"0022100399","2021-12-12","1610612765","1610612751",104,116,103,105,"DET","BKN"
"0022100382","2021-12-10","1610612766","1610612758",124,123,99,100,"CHA","SAC"
"0022100385","2021-12-10","1610612761","1610612752",90,87,91,90,"TOR","NYK"
"0022100386","2021-12-10","1610612745","1610612749",114,123,100,101,"HOU","MIL"
"0022100388","2021-12-10","1610612740","1610612765",109,93,99,99,"NOP","DET"
"0022100391","2021-12-11","1610612746","1610612753",106,104,91,90,"LAC","ORL"
"0022100392","2021-12-11","1610612764","1610612762",98,123,97,96,"WAS","UTA"
"0022100394","2021-12-11","1610612748","1610612741",118,92,92,92,"MIA","CHI"
"0022100396","2021-12-11","1610612755","1610612744",102,93,93,93,"PHI","GSW"
"0022100398","2021-12-12","1610612752","1610612749",97,112,96,96,"NYK","MIL"
"0022100400","2021-12-12","1610612760","1610612742",84,103,94,94,"OKC","DAL"
"0022100402","2021-12-12","1610612757","1610612750",111,116,100,100,"POR","MIN"
"0022100404","2021-12-13","1610612739","1610612748",105,94,93,92,"CLE","MIA"
"0022100406","2021-12-13","1610612761","1610612758",124,101,100,99,"TOR","SAC"
"0022100408","2021-12-13","1610612738","1610612749",117,103,96,96,"BOS","MIL"
"0022100410","2021-12-13","1610612742","1610612766",120,96,85,84,"DAL","CHA"
"0022100412","2021-12-13","1610612746","1610612756",111,95,96,96,"LAC","PHX"
"0022100414","2021-12-14","1610612752","1610612744",96,105,92,91,"NYK","GSW"
"0022100417","2021-12-15","1610612739","1610612745",124,89,97,96,"CLE","HOU"
"0022100401","2021-12-12","1610612759","1610612740",112,97,96,98,"SAS","NOP"
"0022100403","2021-12-12","1610612747","1610612753",106,94,97,97,"LAL","ORL"
"0022100405","2021-12-13","1610612754","1610612744",100,102,95,94,"IND","GSW"
"0022100407","2021-12-13","1610612737","1610612745",126,132,101,104,"ATL","HOU"
"0022100409","2021-12-13","1610612763","1610612755",126,91,99,98,"MEM","PHI"
"0022100411","2021-12-13","1610612743","1610612764",113,107,99,99,"DEN","WAS"
"0022100413","2021-12-14","1610612751","1610612761",131,129,108,109,"BKN","TOR"
"0022100416","2021-12-14","1610612757","1610612756",107,111,105,103,"POR","PHX"
"0022100418","2021-12-15","1610612753","1610612737",99,111,98,99,"ORL","ATL"
"0022100420","2021-12-15","1610612742","1610612747",104,107,102,104,"DAL","LAL"
"0022100422","2021-12-15","1610612760","1610612740",110,113,98,97,"OKC","NOP"
"0022100424","2021-12-15","1610612743","1610612750",107,124,98,100,"DEN","MIN"
"0022100426","2021-12-15","1610612757","1610612763",103,113,101,98,"POR","MEM"
"0022100428","2021-12-16","1610612754","1610612765",122,113,99,99,"IND","DET"
"0022100431","2021-12-16","1610612745","1610612752",103,116,88,89,"HOU","NYK"
"0022100433","2021-12-17","1610612753","1610612748",105,115,92,92,"ORL","MIA"
"0022100435","2021-12-17","1610612738","1610612744",107,111,96,96,"BOS","GSW"
"0022100437","2021-12-17","1610612762","1610612759",126,128,102,103,"UTA","SAS"
"0022100439","2021-12-17","1610612757","1610612766",125,116,99,98,"POR","CHA"
"0022100419","2021-12-15","1610612755","1610612748",96,101,90,90,"PHI","MIA"
"0022100421","2021-12-15","1610612749","1610612754",114,99,95,97,"MIL","IND"
"0022100423","2021-12-15","1610612759","1610612766",115,131,98,96,"SAS","CHA"
"0022100425","2021-12-15","1610612762","1610612746",124,103,100,100,"UTA","LAC"
"0022100427","2021-12-15","1610612758","1610612764",119,105,98,98,"SAC","WAS"
"0022100429","2021-12-16","1610612751","1610612755",114,105,98,99,"BKN","PHI"
"0022100432","2021-12-16","1610612756","1610612764",118,98,97,99,"PHX","WAS"
"0022100434","2021-12-17","1610612737","1610612743",115,133,105,104,"ATL","DEN"
"0022100438","2021-12-17","1610612740","1610612749",116,112,107,107,"NOP","MIL"
"0022100436","2021-12-17","1610612750","1610612747",110,92,106,107,"MIN","LAL"
"0022100440","2021-12-17","1610612758","1610612763",105,124,105,105,"SAC","MEM"
"0022100445","2021-12-18","1610612738","1610612752",114,107,97,97,"BOS","NYK"
"0022100443","2021-12-18","1610612761","1610612744",119,100,95,95,"TOR","GSW"
"0022100446","2021-12-18","1610612749","1610612739",90,119,97,97,"MIL","CLE"
"0022100449","2021-12-19","1610612765","1610612748",100,90,95,94,"DET","MIA"
"0022100451","2021-12-19","1610612758","1610612759",121,114,96,96,"SAC","SAS"
"0022100455","2021-12-19","1610612750","1610612742",111,105,94,92,"MIN","DAL"
"0022100457","2021-12-20","1610612738","1610612755",103,108,98,99,"BOS","PHI"
"0022100460","2021-12-20","1610612763","1610612760",99,102,97,98,"MEM","OKC"
"0022100462","2021-12-20","1610612744","1610612758",113,98,97,98,"GSW","SAC"
"0022100465","2021-12-21","1610612748","1610612754",125,96,94,94,"MIA","IND"
"0022100467","2021-12-21","1610612740","1610612757",111,97,91,90,"NOP","POR"
"0022100441","2021-12-18","1610612765","1610612745",107,116,103,103,"DET","HOU"
"0022100442","2021-12-18","1610612751","1610612753",93,100,100,100,"BKN","ORL"
"0022100444","2021-12-18","1610612760","1610612746",104,103,96,94,"OKC","LAC"
"0022100447","2021-12-18","1610612762","1610612764",103,109,100,99,"UTA","WAS"
"0022100450","2021-12-19","1610612763","1610612757",100,105,92,94,"MEM","POR"
"0022100448","2021-12-19","1610612741","1610612747",115,110,101,100,"CHI","LAL"
"0022100456","2021-12-19","1610612756","1610612766",137,106,106,107,"PHX","CHA"
"0022100459","2021-12-20","1610612741","1610612745",133,118,94,93,"CHI","HOU"
"0022100461","2021-12-20","1610612762","1610612766",112,102,106,104,"UTA","CHA"
"0022100463","2021-12-20","1610612746","1610612759",92,116,101,101,"LAC","SAS"
"0022100466","2021-12-21","1610612752","1610612765",105,91,97,99,"NYK","DET"
"0022100468","2021-12-21","1610612742","1610612750",114,102,93,94,"DAL","MIN"
"0022100470","2021-12-22","1610612737","1610612753",98,104,93,94,"ATL","ORL"
"0022100473","2021-12-22","1610612749","1610612745",126,106,100,99,"MIL","HOU"
"0022100475","2021-12-22","1610612758","1610612746",89,105,94,96,"SAC","LAC"
"0022100477","2021-12-23","1610612753","1610612740",104,110,94,94,"ORL","NOP"
"0022100479","2021-12-23","1610612748","1610612765",115,112,99,99,"MIA","DET"
"0022100481","2021-12-23","1610612742","1610612749",95,102,95,96,"DAL","MIL"
"0022100483","2021-12-23","1610612756","1610612760",113,101,100,100,"PHX","OKC"
"0022100485","2021-12-23","1610612744","1610612763",113,104,97,96,"GSW","MEM"
"0022100488","2021-12-25","1610612752","1610612737",101,87,92,92,"NYK","ATL"
"0022100469","2021-12-21","1610612747","1610612756",90,108,104,104,"LAL","PHX"
"0022100471","2021-12-22","1610612738","1610612739",111,101,100,99,"BOS","CLE"
"0022100474","2021-12-22","1610612760","1610612743",108,94,98,98,"OKC","DEN"
"0022100476","2021-12-23","1610612754","1610612745",118,106,90,92,"IND","HOU"
"0022100478","2021-12-23","1610612755","1610612737",96,98,90,90,"PHI","ATL"
"0022100480","2021-12-23","1610612752","1610612764",117,124,94,94,"NYK","WAS"
"0022100482","2021-12-23","1610612743","1610612766",107,115,102,101,"DEN","CHA"
"0022100484","2021-12-23","1610612762","1610612750",128,116,101,100,"UTA","MIN"
"0022100487","2021-12-23","1610612747","1610612759",110,138,104,104,"LAL","SAS"
"0022100489","2021-12-25","1610612749","1610612738",117,113,98,99,"MIL","BOS"
"0022100491","2021-12-25","1610612747","1610612751",115,122,102,100,"LAL","BKN"
"0022100493","2021-12-26","1610612748","1610612753",93,83,90,90,"MIA","ORL"
"0022100495","2021-12-26","1610612764","1610612755",96,117,93,94,"WAS","PHI"
"0022100497","2021-12-26","1610612760","1610612740",117,112,103,103,"OKC","NOP"
"0022100499","2021-12-26","1610612741","1610612754",113,105,98,97,"CHI","IND"
"0022100500","2021-12-26","1610612746","1610612743",100,103,97,97,"LAC","DEN"
"0022100502","2021-12-27","1610612737","1610612741",118,130,98,98,"ATL","CHI"
"0022100504","2021-12-27","1610612759","1610612762",104,110,104,103,"SAS","UTA"
"0022100506","2021-12-27","1610612757","1610612742",117,132,98,97,"POR","DAL"
"0022100508","2021-12-28","1610612753","1610612749",110,127,99,101,"ORL","MIL"
"0022100511","2021-12-28","1610612745","1610612747",123,132,100,101,"HOU","LAL"
"0022100513","2021-12-28","1610612740","1610612739",108,104,93,94,"NOP","CLE"
"0022100515","2021-12-28","1610612758","1610612760",117,111,104,105,"SAC","OKC"
"0022100517","2021-12-29","1610612754","1610612766",108,116,103,104,"IND","CHA"
"0022100519","2021-12-29","1610612741","1610612737",131,117,103,101,"CHI","ATL"
"0022100522","2021-12-29","1610612756","1610612760",115,97,97,98,"PHX","OKC"
"0022100524","2021-12-29","1610612758","1610612742",95,94,89,88,"SAC","DAL"
"0022100526","2021-12-30","1610612753","1610612749",118,136,102,102,"ORL","MIL"
"0022100529","2021-12-31","1610612738","1610612756",123,108,98,97,"BOS","PHX"
"0022100531","2021-12-31","1610612758","1610612742",96,112,92,93,"SAC","DAL"
"0022100533","2021-12-31","1610612739","1610612737",118,121,95,94,"CLE","ATL"
"0022100535","2021-12-31","1610612763","1610612759",118,105,98,100,"MEM","SAS"
"0022100537","2021-12-31","1610612762","1610612750",120,108,99,100,"UTA","MIN"
"0022100454","2022-01-25","1610612755","1610612740",117,107,91,90,"PHI","NOP"
"0022100714","2022-01-25","1610612765","1610612743",105,110,101,101,"DET","DEN"
"0022100715","2022-01-25","1610612761","1610612766",125,113,98,99,"TOR","CHA"
"0022100716","2022-01-25","1610612764","1610612746",115,116,104,104,"WAS","LAC"
"0022100717","2022-01-25","1610612738","1610612758",128,75,96,95,"BOS","SAC"
"0022100718","2022-01-25","1610612751","1610612747",96,106,94,94,"BKN","LAL"
"0022100719","2022-01-25","1610612745","1610612759",104,134,103,102,"HOU","SAS"
"0022100720","2022-01-25","1610612744","1610612742",130,92,99,99,"GSW","DAL"
"0022100721","2022-01-25","1610612757","1610612750",107,109,99,100,"POR","MIN"
"0022100722","2022-01-26","1610612739","1610612749",115,99,95,94,"CLE","MIL"
"0022100723","2022-01-26","1610612754","1610612766",126,158,107,107,"IND","CHA"
"0022100724","2022-01-26","1610612753","1610612746",102,111,100,99,"ORL","LAC"
"0022100725","2022-01-26","1610612737","1610612758",121,104,100,99,"ATL","SAC"
"0022100727","2022-01-26","1610612748","1610612752",110,96,91,91,"MIA","NYK"
"0022100453","2022-01-26","1610612751","1610612743",118,124,99,99,"BKN","DEN"
"0022100728","2022-01-26","1610612759","1610612763",110,118,99,99,"SAS","MEM"
"0022100731","2022-01-26","1610612762","1610612756",97,105,92,91,"UTA","PHX"
"0022100472","2022-01-26","1610612741","1610612761",111,105,92,92,"CHI","TOR"
"0022100732","2022-01-26","1610612757","1610612742",112,132,96,97,"POR","DAL"
"0022100733","2022-01-27","1610612755","1610612747",105,87,99,98,"PHI","LAL"
"0022100734","2022-01-27","1610612744","1610612750",124,115,102,102,"GSW","MIN"
"0022100736","2022-01-28","1610612753","1610612765",119,103,99,99,"ORL","DET"
"0022100735","2022-01-28","1610612766","1610612747",117,114,95,95,"CHA","LAL"
"0022100737","2022-01-28","1610612737","1610612738",108,92,98,98,"ATL","BOS"
"0022100490","2021-12-25","1610612756","1610612744",107,116,91,92,"PHX","GSW"
"0022100492","2021-12-25","1610612762","1610612742",120,116,103,102,"UTA","DAL"
"0022100494","2021-12-26","1610612739","1610612761",144,99,109,109,"CLE","TOR"
"0022100496","2021-12-26","1610612758","1610612763",102,127,100,100,"SAC","MEM"
"0022100498","2021-12-26","1610612759","1610612765",144,109,109,109,"SAS","DET"
"0022100501","2021-12-27","1610612766","1610612745",123,99,104,102,"CHA","HOU"
"0022100503","2021-12-27","1610612750","1610612738",108,103,100,98,"MIN","BOS"
"0022100505","2021-12-27","1610612756","1610612763",113,114,97,97,"PHX","MEM"
"0022100507","2021-12-27","1610612746","1610612751",108,124,99,99,"LAC","BKN"
"0022100509","2021-12-28","1610612748","1610612764",119,112,94,93,"MIA","WAS"
"0022100510","2021-12-28","1610612761","1610612755",109,114,95,94,"TOR","PHI"
"0022100512","2021-12-28","1610612750","1610612752",88,96,90,91,"MIN","NYK"
"0022100514","2021-12-28","1610612744","1610612743",86,89,93,93,"GSW","DEN"
"0022100516","2021-12-29","1610612765","1610612752",85,94,94,96,"DET","NYK"
"0022100518","2021-12-29","1610612738","1610612746",82,91,88,88,"BOS","LAC"
"0022100520","2021-12-29","1610612763","1610612747",104,99,95,95,"MEM","LAL"
"0022100523","2021-12-29","1610612757","1610612762",105,120,95,96,"POR","UTA"
"0022100525","2021-12-30","1610612751","1610612755",102,110,94,95,"BKN","PHI"
"0022100527","2021-12-30","1610612764","1610612739",110,93,95,94,"WAS","CLE"
"0022100530","2021-12-31","1610612754","1610612741",106,108,100,100,"IND","CHI"
"0022100532","2021-12-31","1610612745","1610612748",110,120,101,101,"HOU","MIA"
"0022100534","2021-12-31","1610612761","1610612746",116,108,94,95,"TOR","LAC"
"0022100536","2021-12-31","1610612760","1610612752",95,80,94,93,"OKC","NYK"
"0022100538","2021-12-31","1610612747","1610612757",139,106,98,99,"LAL","POR"
"0022100738","2022-01-28","1610612748","1610612746",121,114,101,101,"MIA","LAC"
"0022100739","2022-01-28","1610612745","1610612757",110,125,101,100,"HOU","POR"
"0022100740","2022-01-28","1610612763","1610612762",119,109,99,98,"MEM","UTA"
"0022100741","2022-01-28","1610612760","1610612754",110,113,106,107,"OKC","IND"
"0022100742","2022-01-28","1610612759","1610612741",131,122,99,100,"SAS","CHI"
"0022100743","2022-01-28","1610612756","1610612750",134,124,99,100,"PHX","MIN"
"0022100744","2022-01-28","1610612749","1610612752",123,108,101,100,"MIL","NYK"
"0022100729","2022-01-28","1610612740","1610612743",105,116,101,102,"NOP","DEN"
"0022100745","2022-01-29","1610612740","1610612738",97,107,96,97,"NOP","BOS"
"0022100746","2022-01-29","1610612742","1610612754",132,105,98,98,"DAL","IND"
"0022100747","2022-01-29","1610612755","1610612758",103,101,93,93,"PHI","SAC"
"0022100749","2022-01-29","1610612763","1610612764",115,95,91,92,"MEM","WAS"
"0022100750","2022-01-29","1610612744","1610612751",110,106,98,96,"GSW","BKN"
"0022100748","2022-01-29","1610612748","1610612761",120,124,116,114,"MIA","TOR"
"0022100752","2022-01-30","1610612766","1610612746",90,115,102,104,"CHA","LAC"
"0022100753","2022-01-30","1610612741","1610612757",130,116,96,96,"CHI","POR"
"0022100754","2022-01-30","1610612765","1610612739",115,105,92,92,"DET","CLE"
"0022100755","2022-01-30","1610612753","1610612742",110,108,97,97,"ORL","DAL"
"0022100756","2022-01-30","1610612749","1610612743",100,136,95,94,"MIL","DEN"
"0022100757","2022-01-30","1610612750","1610612762",126,106,101,101,"MIN","UTA"
"0022100758","2022-01-30","1610612756","1610612759",115,110,98,98,"PHX","SAS"
"0022100751","2022-01-30","1610612737","1610612747",129,121,102,102,"ATL","LAL"
"0022100759","2022-01-31","1610612739","1610612740",93,90,90,89,"CLE","NOP"
"0022100760","2022-01-31","1610612754","1610612746",122,116,98,99,"IND","LAC"
"0022100761","2022-01-31","1610612755","1610612763",122,119,108,108,"PHI","MEM"
"0022100763","2022-01-31","1610612752","1610612758",116,96,100,100,"NYK","SAC"
"0022100767","2022-01-31","1610612737","1610612761",100,106,97,96,"ATL","TOR"
"0022100764","2022-01-31","1610612745","1610612744",108,122,97,97,"HOU","GSW"
"0022100765","2022-01-31","1610612760","1610612757",98,81,92,93,"OKC","POR"
"0022100762","2022-01-31","1610612738","1610612748",122,92,97,96,"BOS","MIA"
"0022100766","2022-02-01","1610612765","1610612740",101,111,97,97,"DET","NOP"
"0022100768","2022-02-01","1610612749","1610612764",112,98,94,92,"MIL","WAS"
"0022100784","2022-02-01","1610612761","1610612748",110,106,91,92,"TOR","MIA"
"0022100769","2022-02-01","1610612741","1610612753",126,115,99,100,"CHI","ORL"
"0022100770","2022-02-01","1610612750","1610612743",130,115,100,100,"MIN","DEN"
"0022100771","2022-02-01","1610612759","1610612744",120,124,100,99,"SAS","GSW"
"0022100772","2022-02-01","1610612756","1610612751",121,111,95,93,"PHX","BKN"
"0022100773","2022-02-02","1610612754","1610612753",118,119,108,106,"IND","ORL"
"0022100774","2022-02-02","1610612755","1610612764",103,106,89,89,"PHI","WAS"
"0022100775","2022-02-02","1610612738","1610612766",113,107,100,99,"BOS","CHA"
"0022100776","2022-02-02","1610612752","1610612763",108,120,101,103,"NYK","MEM"
"0022100777","2022-02-02","1610612745","1610612739",115,104,97,96,"HOU","CLE"
"0022100778","2022-02-02","1610612742","1610612760",114,120,100,100,"DAL","OKC"
"0022100779","2022-02-02","1610612762","1610612743",108,104,91,91,"UTA","DEN"
"0022100780","2022-02-02","1610612758","1610612751",112,101,92,94,"SAC","BKN"
"0022100781","2022-02-02","1610612747","1610612757",99,94,97,98,"LAL","POR"
"0022100521","2022-02-03","1610612759","1610612748",95,112,96,96,"SAS","MIA"
"0022100782","2022-02-03","1610612765","1610612750",117,128,104,103,"DET","MIN"
"0022100430","2022-02-03","1610612761","1610612741",127,120,108,108,"TOR","CHI"
"0022100783","2022-02-03","1610612737","1610612756",124,115,102,101,"ATL","PHX"
"0022100785","2022-02-03","1610612744","1610612758",126,114,97,96,"GSW","SAC"
"0022100786","2022-02-03","1610612746","1610612747",111,110,93,95,"LAC","LAL"
"0022100787","2022-02-04","1610612766","1610612739",101,102,93,94,"CHA","CLE"
"0022100788","2022-02-04","1610612765","1610612738",93,102,96,96,"DET","BOS"
"0022100789","2022-02-04","1610612754","1610612741",115,122,97,98,"IND","CHI"
"0022100790","2022-02-04","1610612761","1610612737",125,114,97,98,"TOR","ATL"
"0022100792","2022-02-04","1610612759","1610612745",131,106,100,100,"SAS","HOU"
"0022100793","2022-02-04","1610612762","1610612751",125,102,95,96,"UTA","BKN"
"0022100794","2022-02-04","1610612743","1610612740",105,113,93,93,"DEN","NOP"
"0022100791","2022-02-04","1610612742","1610612755",107,98,90,88,"DAL","PHI"
"0022100795","2022-02-04","1610612757","1610612760",93,96,97,96,"POR","OKC"
"0022100796","2022-02-05","1610612753","1610612763",115,135,102,102,"ORL","MEM"
"0022100797","2022-02-05","1610612766","1610612748",86,104,98,99,"CHA","MIA"
"0022100798","2022-02-05","1610612764","1610612756",80,95,91,92,"WAS","PHX"
"0022100799","2022-02-05","1610612747","1610612752",122,115,110,110,"LAL","NYK"
"0022100800","2022-02-05","1610612757","1610612749",108,137,100,100,"POR","MIL"
"0022100801","2022-02-05","1610612758","1610612760",113,103,100,100,"SAC","OKC"
"0022100802","2022-02-06","1610612741","1610612755",108,119,92,92,"CHI","PHI"
"0022100803","2022-02-06","1610612750","1610612765",118,105,98,97,"MIN","DET"
"0022100804","2022-02-06","1610612743","1610612751",124,104,99,99,"DEN","BKN"
"0022100805","2022-02-06","1610612739","1610612754",98,85,91,92,"CLE","IND"
"0022100806","2022-02-06","1610612753","1610612738",83,116,100,99,"ORL","BOS"
"0022100807","2022-02-06","1610612742","1610612737",103,94,94,94,"DAL","ATL"
"0022100808","2022-02-06","1610612745","1610612740",107,120,97,95,"HOU","NOP"
"0022100809","2022-02-06","1610612746","1610612749",113,137,101,103,"LAC","MIL"
"0022100810","2022-02-07","1610612766","1610612761",101,116,100,100,"CHA","TOR"
"0022100811","2022-02-07","1610612764","1610612748",100,121,98,99,"WAS","MIA"
"0022100812","2022-02-07","1610612741","1610612756",124,127,96,97,"CHI","PHX"
"0022100813","2022-02-07","1610612760","1610612744",98,110,98,98,"OKC","GSW"
"0022100814","2022-02-07","1610612762","1610612752",113,104,99,98,"UTA","NYK"
"0022100815","2022-02-08","1610612755","1610612756",109,114,103,102,"PHI","PHX"
"0022100816","2022-02-08","1610612737","1610612754",133,112,98,99,"ATL","IND"
"0022100817","2022-02-08","1610612751","1610612738",91,126,98,98,"BKN","BOS"
"0022100818","2022-02-08","1610612763","1610612746",135,109,104,104,"MEM","LAC"
"0022100820","2022-02-08","1610612742","1610612765",116,86,95,94,"DAL","DET"
"0022100821","2022-02-08","1610612743","1610612752",132,115,97,98,"DEN","NYK"
"0022100822","2022-02-08","1610612747","1610612749",116,131,100,98,"LAL","MIL"
"0022100823","2022-02-08","1610612757","1610612753",95,113,98,98,"POR","ORL"
"0022100824","2022-02-08","1610612758","1610612750",114,134,106,106,"SAC","MIN"
"0022100819","2022-02-08","1610612740","1610612745",110,97,99,98,"NOP","HOU"
"0022100825","2022-02-09","1610612739","1610612759",105,92,97,99,"CLE","SAS"
"0022100826","2022-02-09","1610612766","1610612741",109,121,98,98,"CHA","CHI"
"0022100827","2022-02-09","1610612760","1610612761",98,117,97,97,"OKC","TOR"
"0022100828","2022-02-09","1610612762","1610612744",111,85,91,91,"UTA","GSW"
"0022100829","2022-02-09","1610612757","1610612747",107,105,96,96,"POR","LAL"
"0022100830","2022-02-09","1610612758","1610612750",132,119,103,103,"SAC","MIN"
"0022100831","2022-02-10","1610612765","1610612763",107,132,102,103,"DET","MEM"
"0022100832","2022-02-10","1610612764","1610612751",113,112,94,94,"WAS","BKN"
"0022100833","2022-02-10","1610612740","1610612748",97,112,92,94,"NOP","MIA"
"0022100834","2022-02-10","1610612745","1610612761",120,139,102,103,"HOU","TOR"
"0022100835","2022-02-10","1610612742","1610612746",112,105,94,93,"DAL","LAC"
"0022100836","2022-02-10","1610612756","1610612749",131,107,99,98,"PHX","MIL"
"0022100837","2022-02-10","1610612744","1610612752",114,116,99,97,"GSW","NYK"
"0022100838","2022-02-11","1610612765","1610612766",119,141,108,109,"DET","CHA"
"0022100839","2022-02-11","1610612754","1610612739",113,120,98,98,"IND","CLE"
"0022100840","2022-02-11","1610612755","1610612760",100,87,98,97,"PHI","OKC"
"0022100841","2022-02-11","1610612737","1610612759",121,136,106,105,"ATL","SAS"
"0022100842","2022-02-11","1610612738","1610612743",108,102,103,102,"BOS","DEN"
"0022100844","2022-02-11","1610612762","1610612753",114,99,100,100,"UTA","ORL"
"0022100843","2022-02-11","1610612741","1610612750",134,122,102,101,"CHI","MIN"
"0022100845","2022-02-12","1610612757","1610612752",112,103,98,99,"POR","NYK"
"0022100846","2022-02-12","1610612766","1610612763",118,125,108,109,"CHA","MEM"
"0022100847","2022-02-12","1610612764","1610612758",110,123,95,96,"WAS","SAC"
"0022100848","2022-02-12","1610612740","1610612759",114,124,97,97,"NOP","SAS"
"0022100849","2022-02-12","1610612755","1610612739",103,93,92,92,"PHI","CLE"
"0022100850","2022-02-12","1610612761","1610612743",109,110,94,92,"TOR","DEN"
"0022100851","2022-02-12","1610612748","1610612751",115,111,99,98,"MIA","BKN"
"0022100852","2022-02-12","1610612741","1610612760",106,101,100,101,"CHI","OKC"
"0022100853","2022-02-12","1610612742","1610612746",97,99,93,92,"DAL","LAC"
"0022100854","2022-02-12","1610612744","1610612747",117,115,99,99,"GSW","LAL"
"0022100855","2022-02-12","1610612756","1610612753",132,105,107,107,"PHX","ORL"
"0022100856","2022-02-13","1610612738","1610612737",105,95,98,98,"BOS","ATL"
"0022100857","2022-02-13","1610612754","1610612750",120,129,100,100,"IND","MIN"
"0022100858","2022-02-14","1610612764","1610612765",103,94,94,95,"WAS","DET"
"0022100859","2022-02-14","1610612751","1610612758",109,85,101,102,"BKN","SAC"
"0022100860","2022-02-14","1610612752","1610612760",123,127,109,108,"NYK","OKC"
"0022100861","2022-02-14","1610612741","1610612759",120,109,102,102,"CHI","SAS"
"0022100862","2022-02-14","1610612749","1610612757",107,122,107,105,"MIL","POR"
"0022100863","2022-02-14","1610612740","1610612761",120,90,93,93,"NOP","TOR"
"0022100864","2022-02-14","1610612743","1610612753",121,111,107,107,"DEN","ORL"
"0022100866","2022-02-14","1610612746","1610612744",119,104,96,97,"LAC","GSW"
"0022100865","2022-02-14","1610612762","1610612745",135,101,95,95,"UTA","HOU"
"0022100867","2022-02-15","1610612737","1610612739",124,116,93,93,"ATL","CLE"
"0022100868","2022-02-15","1610612748","1610612742",99,107,90,88,"MIA","DAL"
"0022100869","2022-02-15","1610612755","1610612738",87,135,93,92,"PHI","BOS"
"0022100870","2022-02-15","1610612749","1610612754",128,119,102,102,"MIL","IND"
"0022100871","2022-02-15","1610612750","1610612766",126,120,119,117,"MIN","CHA"
"0022100872","2022-02-15","1610612740","1610612763",109,121,95,95,"NOP","MEM"
"0022100873","2022-02-15","1610612756","1610612746",103,96,98,98,"PHX","LAC"
"0022100874","2022-02-16","1610612753","1610612737",109,130,101,100,"ORL","ATL"
"0022100875","2022-02-16","1610612738","1610612765",111,112,98,97,"BOS","DET"
"0022100876","2022-02-16","1610612754","1610612764",113,108,97,97,"IND","WAS"
"0022100877","2022-02-16","1610612752","1610612751",106,111,94,95,"NYK","BKN"
"0022100878","2022-02-16","1610612741","1610612758",125,118,101,102,"CHI","SAC"
"0022100879","2022-02-16","1610612763","1610612757",119,123,96,95,"MEM","POR"
"0022100881","2022-02-16","1610612760","1610612759",106,114,103,101,"OKC","SAS"
"0022100882","2022-02-16","1610612756","1610612745",124,121,104,104,"PHX","HOU"
"0022100883","2022-02-16","1610612744","1610612743",116,117,101,101,"GSW","DEN"
"0022100884","2022-02-16","1610612747","1610612762",106,101,92,90,"LAL","UTA"
"0022100880","2022-02-16","1610612750","1610612761",91,103,97,98,"MIN","TOR"
"0022100885","2022-02-17","1610612766","1610612748",107,111,108,108,"CHA","MIA"
"0022100464","2022-02-17","1610612751","1610612764",103,117,97,96,"BKN","WAS"
"0022100886","2022-02-17","1610612740","1610612742",118,125,95,95,"NOP","DAL"
"0022100887","2022-02-17","1610612749","1610612755",120,123,101,103,"MIL","PHI"
"0022100888","2022-02-17","1610612746","1610612745",142,111,106,106,"LAC","HOU"
